Year,Fort Verm DDF,GP-BL Precip pct Avg
2021,-2377,0.80870298
2022,-2513,1.169233126
